Text,Image Path,Scheduled Date,Campaign Tag
"Your sports knowledge has real value.

SportsBlock converts it into MEDALS.

sportsblock.app

#SportsBlock #EarnCrypto #HIVE #SportsBetting",marketing/assets/Social Post — Void — _Earn_.png,03/25/2026 09:00,Earn Rewards
"What if every sports post you wrote actually earned you something?

On SportsBlock, it does. Write analysis, share predictions, earn MEDALS — real crypto rewards for genuine sports knowledge.

sportsblock.app

#SportsBlock #HIVE #SportsBetting",marketing/assets/Social Post — Void — _Earn_.png,03/25/2026 13:00,Earn Rewards
"The world's best sports minds are giving away their insights for free.

SportsBlock changes that equation. Every post you write, every prediction you nail, every match thread contribution — it all earns MEDALS. Real cryptocurrency you can trade, stake, or hold.

Premium sports knowledge deserves premium rewards.

sportsblock.app",marketing/assets/Social Post — Void — _Earn_.png,03/25/2026 18:00,Earn Rewards
"They profit from your takes. You get nothing.

Flip the script. Earn MEDALS on SportsBlock.

sportsblock.app

#SportsBlock #CryptoRewards #MEDALS #PlayToEarn",marketing/assets/Social Post — Stadium — _Earn_.png,03/26/2026 09:00,Earn Rewards
"Platforms got rich off your sports content.

SportsBlock pays you back. Every post earns MEDALS. Every correct prediction multiplies them. No middleman skimming your value.

sportsblock.app

#SportsBlock #PlayToEarn #EarnCrypto",marketing/assets/Social Post — Stadium — _Earn_.png,03/26/2026 13:00,Earn Rewards
"Other platforms sell your data, suppress your reach, and give you zero in return.

SportsBlock does the opposite. Post your takes — earn MEDALS. Nail a prediction — earn more. Build a following — earn even more.

Your content, your rewards. No one takes a cut.

sportsblock.app",marketing/assets/Social Post — Stadium — _Earn_.png,03/26/2026 18:00,Earn Rewards
"Already obsessed with sport? Might as well get paid for it.

Join SportsBlock.

sportsblock.app

#SportsBlock #SportsBetting #PredictionMarkets #Web3Sports",marketing/assets/Social Post — Teal Accent — _Earn_.png,03/27/2026 09:00,Earn Rewards
"Your mates already think you're a genius at picking winners.

Time to prove it on SportsBlock and earn MEDALS while you're at it. Free to join, free to post, free to earn.

sportsblock.app

#SportsBlock #Web3Sports #CryptoRewards",marketing/assets/Social Post — Teal Accent — _Earn_.png,03/27/2026 13:00,Earn Rewards
"You already spend hours talking sport with your mates, reading match previews, debating lineups.

What if that time actually earned you something?

SportsBlock rewards every post, every prediction, every match thread moment with MEDALS. Real crypto, zero fees.

Just you doing what you love — and finally getting rewarded.

sportsblock.app",marketing/assets/Social Post — Teal Accent — _Earn_.png,03/27/2026 18:00,Earn Rewards
"Hot take + right call = real crypto.

That's SportsBlock. Start earning now.

sportsblock.app

#SportsBlock #EarnCrypto #HIVE #SportsBetting",marketing/assets/Social Post — Gold Prestige — _Earn_.png,03/28/2026 09:00,Earn Rewards
"Every post. Every prediction. Every match day take.

All earning you MEDALS on SportsBlock. Zero fees, real crypto rewards. The question is — why are you still posting for free?

sportsblock.app

#SportsBlock #HIVE #SportsBetting",marketing/assets/Social Post — Gold Prestige — _Earn_.png,03/28/2026 13:00,Earn Rewards
"Right now, someone is making money off your sports takes.

It's not you.

SportsBlock changes everything. Post your analysis — earn MEDALS. Call the upset — earn more. Build your reputation — earn even more. Real crypto. Zero fees. No catch.

Stop giving it away for free.

sportsblock.app",marketing/assets/Social Post — Gold Prestige — _Earn_.png,03/28/2026 18:00,Earn Rewards
"Predict. Earn. Repeat.

SportsBlock rewards precision with MEDALS.

sportsblock.app

#SportsBlock #CryptoRewards #MEDALS #PlayToEarn",marketing/assets/Prediction Card — Void — _Earn_.png,03/29/2026 09:00,Earn Rewards
"Stake MEDALS on your prediction. Get the call right, and your rewards compound.

SportsBlock turns sports intelligence into tangible returns. Precision pays.

sportsblock.app

#SportsBlock #PlayToEarn #EarnCrypto",marketing/assets/Prediction Card — Void — _Earn_.png,03/29/2026 13:00,Earn Rewards
"The best analysts don't just talk — they back their calls.

On SportsBlock, every correct prediction earns you MEDALS. Stake on outcomes you believe in. Build a track record that speaks for itself.

No bookmaker margins. No house edge. Just rewards for getting it right.

sportsblock.app",marketing/assets/Prediction Card — Void — _Earn_.png,03/29/2026 18:00,Earn Rewards
"Correct call. Real crypto. No middleman.

SportsBlock Prediction Bites.

sportsblock.app

#SportsBlock #SportsBetting #PredictionMarkets #Web3Sports",marketing/assets/Prediction Card — Stadium — _Earn_.png,03/30/2026 09:00,Earn Rewards
"Imagine getting paid every time you called the result before kickoff.

SportsBlock makes it real. Stake MEDALS on your prediction. Nail it, and the pool pays you. Simple.

sportsblock.app

#SportsBlock #Web3Sports #CryptoRewards",marketing/assets/Prediction Card — Stadium — _Earn_.png,03/30/2026 13:00,Earn Rewards
"Bookmakers make billions off your knowledge. They set the odds, take the margin, and profit whether you win or lose.

SportsBlock eliminates the house. Stake MEDALS peer-to-peer. Correct predictions split the pool. Your edge is finally your own.

Stop making bookies rich.

sportsblock.app",marketing/assets/Prediction Card — Stadium — _Earn_.png,03/30/2026 18:00,Earn Rewards
"Think you know the score? Earn MEDALS for proving it.

SportsBlock.

sportsblock.app

#SportsBlock #EarnCrypto #HIVE #SportsBetting",marketing/assets/Prediction Card — Teal Accent — _Earn_.png,03/31/2026 09:00,Earn Rewards
"Your group chat already knows you've got the sharpest predictions.

Now make it official. Stake MEDALS on SportsBlock, prove your knowledge, and earn real rewards.

sportsblock.app

#SportsBlock #HIVE #SportsBetting",marketing/assets/Prediction Card — Teal Accent — _Earn_.png,03/31/2026 13:00,Earn Rewards
"Remember that time you called the exact scoreline and nobody believed you?

On SportsBlock, your predictions are on the record. Stake MEDALS, make your call, and when you're right — you earn real crypto rewards.

No more ""I told you so."" Just proof and MEDALS.

sportsblock.app",marketing/assets/Prediction Card — Teal Accent — _Earn_.png,03/31/2026 18:00,Earn Rewards
"Big match. Bigger prediction. Biggest rewards.

Stake MEDALS on SportsBlock now.

sportsblock.app

#SportsBlock #CryptoRewards #MEDALS #PlayToEarn",marketing/assets/Prediction Card — Gold Prestige — _Earn_.png,04/01/2026 09:00,Earn Rewards
"The match starts in hours. You already know what's going to happen.

Back that instinct with MEDALS on SportsBlock. Right calls get rewarded. Are you in?

sportsblock.app

#SportsBlock #PlayToEarn #EarnCrypto",marketing/assets/Prediction Card — Gold Prestige — _Earn_.png,04/01/2026 13:00,Earn Rewards
"You've been calling results all season. You saw the upset coming. You knew the underdog would cover.

Now there's a place where that knowledge pays off — literally. SportsBlock Prediction Bites turn your calls into MEDALS. Every correct prediction earns crypto.

The next big match is coming. Don't watch from the sidelines.

sportsblock.app",marketing/assets/Prediction Card — Gold Prestige — _Earn_.png,04/01/2026 18:00,Earn Rewards
"No politics. No drama. Just sport.

SportsBlock — the community you've been looking for.

sportsblock.app

#SportsBlock #Web3Sports #SportsCommunity #HIVE",marketing/assets/Social Post — Void — _Community_.png,04/02/2026 09:00,Pure Community
"The best sports conversations happen when everything else gets out of the way.

SportsBlock is a curated community for fans who want match threads, analysis, and predictions — nothing else.

sportsblock.app

#SportsBlock #SportsCommunity #HIVE",marketing/assets/Social Post — Void — _Community_.png,04/02/2026 13:00,Pure Community
"Every sports community eventually gets overrun by politics, ads, and engagement bait.

SportsBlock was built to prevent that. Pure sports content. Live match threads. Prediction markets. A community where every voice is a sports voice.

No algorithm. No noise. Just the conversation sport deserves.

sportsblock.app",marketing/assets/Social Post — Void — _Community_.png,04/02/2026 18:00,Pure Community
"Sports Twitter is broken.

SportsBlock is the fix.

sportsblock.app

#SportsBlock #NoNoise #PureSports #MatchDay",marketing/assets/Social Post — Stadium — _Community_.png,04/03/2026 09:00,Pure Community
"Your timeline is 10% sport, 90% garbage.

SportsBlock strips away the noise. Match threads, predictions, sportsbites — just fans who actually care about the game. No ads. No algorithm.

sportsblock.app

#SportsBlock #MatchDay #Web3Sports",marketing/assets/Social Post — Stadium — _Community_.png,04/03/2026 13:00,Pure Community
"We didn't build SportsBlock because the world needed another social platform.

We built it because sports fans deserve better than toxic timelines, suppressed posts, and ads disguised as content.

Here it's different. Match threads. Predictions. Hot takes. That's the whole product.

No politics. No drama. Just sport.

sportsblock.app",marketing/assets/Social Post — Stadium — _Community_.png,04/03/2026 18:00,Pure Community
"Tired of the chaos on sports Twitter?

SportsBlock — all sport, all the time.

sportsblock.app

#SportsBlock #HIVE #Web3 #SportsFans",marketing/assets/Social Post — Teal Accent — _Community_.png,04/04/2026 09:00,Pure Community
"No algorithm deciding what you see.
No ads interrupting the match thread.
No drama drowning out the sport.

Just real fans talking the game they love. That's SportsBlock.

sportsblock.app

#SportsBlock #SportsFans #NoNoise",marketing/assets/Social Post — Teal Accent — _Community_.png,04/04/2026 13:00,Pure Community
"Remember the early days of sports forums? When it was just fans geeking out about the game?

SportsBlock brings that energy back — but better. Live match threads, prediction markets, sportsbites, and a community that actually talks sport.

Free to join. Zero ads. Pure vibes.

sportsblock.app",marketing/assets/Social Post — Teal Accent — _Community_.png,04/04/2026 18:00,Pure Community
"Match day hits different on SportsBlock.

Live threads. Hot takes. Zero noise.

sportsblock.app

#SportsBlock #Web3Sports #SportsCommunity #HIVE",marketing/assets/Social Post — Gold Prestige — _Community_.png,04/05/2026 09:00,Pure Community
"The best sports debates happen when everyone in the room is actually there for the sport.

SportsBlock keeps it pure. Match threads that go off. Predictions with stakes. A community that lives for the game.

sportsblock.app

#SportsBlock #SportsCommunity #HIVE",marketing/assets/Social Post — Gold Prestige — _Community_.png,04/05/2026 13:00,Pure Community
"There's nothing worse than scrolling through political takes when you just want to talk about the match.

SportsBlock fixes that permanently. Every post is about sport. Every thread is about the game. Every user is here because they love it.

This is the sports community the internet was supposed to have.

sportsblock.app",marketing/assets/Social Post — Gold Prestige — _Community_.png,04/05/2026 18:00,Pure Community
"No politics. No drama. Just sport.

SportsBlock — the community you've been looking for.

sportsblock.app

#SportsBlock #NoNoise #PureSports #MatchDay",marketing/assets/Prediction Card — Void — _Community_.png,04/06/2026 09:00,Pure Community
"The best sports conversations happen when everything else gets out of the way.

SportsBlock is a curated community for fans who want match threads, analysis, and predictions — nothing else.

sportsblock.app

#SportsBlock #MatchDay #Web3Sports",marketing/assets/Prediction Card — Void — _Community_.png,04/06/2026 13:00,Pure Community
"Sports Twitter is broken.

SportsBlock is the fix.

sportsblock.app

#SportsBlock #HIVE #Web3 #SportsFans",marketing/assets/Prediction Card — Stadium — _Community_.png,04/06/2026 18:00,Pure Community
"Your timeline is 10% sport, 90% garbage.

SportsBlock strips away the noise. Match threads, predictions, sportsbites — just fans who actually care about the game. No ads. No algorithm.

sportsblock.app

#SportsBlock #SportsFans #NoNoise",marketing/assets/Prediction Card — Stadium — _Community_.png,04/07/2026 09:00,Pure Community
"Tired of the chaos on sports Twitter?

SportsBlock — all sport, all the time.

sportsblock.app

#SportsBlock #Web3Sports #SportsCommunity #HIVE",marketing/assets/Prediction Card — Teal Accent — _Community_.png,04/07/2026 13:00,Pure Community
"No algorithm deciding what you see.
No ads interrupting the match thread.
No drama drowning out the sport.

Just real fans talking the game they love. That's SportsBlock.

sportsblock.app

#SportsBlock #SportsCommunity #HIVE",marketing/assets/Prediction Card — Teal Accent — _Community_.png,04/07/2026 18:00,Pure Community
"Match day hits different on SportsBlock.

Live threads. Hot takes. Zero noise.

sportsblock.app

#SportsBlock #NoNoise #PureSports #MatchDay",marketing/assets/Prediction Card — Gold Prestige — _Community_.png,04/08/2026 09:00,Pure Community
"The best sports debates happen when everyone in the room is actually there for the sport.

SportsBlock keeps it pure. Match threads that go off. Predictions with stakes. A community that lives for the game.

sportsblock.app

#SportsBlock #MatchDay #Web3Sports",marketing/assets/Prediction Card — Gold Prestige — _Community_.png,04/08/2026 13:00,Pure Community
"Your content. Your rules. Your wallet.

SportsBlock runs on HIVE. Zero fees.

sportsblock.app

#SportsBlock #Web3Sports #HIVE #OwnYourContent",marketing/assets/Social Post — Void — _Ownership_.png,04/08/2026 18:00,True Ownership
"On most platforms, you're the product. Your data is sold. Your reach is throttled.

On SportsBlock, you're the owner. Every post lives on the HIVE blockchain — permanent, uncensorable, yours.

sportsblock.app

#SportsBlock #HIVE #OwnYourContent",marketing/assets/Social Post — Void — _Ownership_.png,04/09/2026 09:00,True Ownership
"The sports content you create has value. Every match report, every prediction thread, every analysis post.

SportsBlock ensures that value stays with you. Built on the HIVE blockchain — zero transaction fees, permanent storage, true ownership.

No platform can delete your work. No algorithm can suppress it. It's yours.

sportsblock.app",marketing/assets/Social Post — Void — _Ownership_.png,04/09/2026 13:00,True Ownership
"No shadowbans. No deplatforming. No algorithms.

Your posts live on the blockchain. Forever.

sportsblock.app

#SportsBlock #Decentralized #ContentOwnership #CensorshipResistant",marketing/assets/Social Post — Stadium — _Ownership_.png,04/09/2026 18:00,True Ownership
"What happens to your content when a platform shuts down? Gone. When they change the TOS? Deleted.

On SportsBlock, your posts live on the blockchain. Permanent. No one can touch them.

sportsblock.app

#SportsBlock #CensorshipResistant #Web3Sports",marketing/assets/Social Post — Stadium — _Ownership_.png,04/10/2026 09:00,True Ownership
"Platforms have spent years training you to create content they own.

Your match threads? Their content. Your analysis? Their data. Your audience? Their leverage.

SportsBlock breaks that cycle. HIVE blockchain. Zero fees. Every post is cryptographically yours. No corporation sits between you and your audience.

Take back what's yours.

sportsblock.app",marketing/assets/Social Post — Stadium — _Ownership_.png,04/10/2026 13:00,True Ownership
"Own what you create.

SportsBlock puts your content on-chain where no one can take it away.

sportsblock.app

#SportsBlock #OwnYourContent #Blockchain #Web3",marketing/assets/Social Post — Teal Accent — _Ownership_.png,04/10/2026 18:00,True Ownership
"Built on HIVE blockchain.
Zero transaction fees.
No ads, no data harvesting.
Your content = your property.

This is what sports social media should have always been.

sportsblock.app

#SportsBlock #Web3 #Decentralized",marketing/assets/Social Post — Teal Accent — _Ownership_.png,04/11/2026 09:00,True Ownership
"Think about how much sports content you've created over the years. Match threads, predictions, takes that went viral.

None of it is yours. The platforms own every word.

SportsBlock changes that. Your posts live on the HIVE blockchain — you own them, you earn from them, and no one can ever take them away.

sportsblock.app",marketing/assets/Social Post — Teal Accent — _Ownership_.png,04/11/2026 13:00,True Ownership
"Zero fees. True ownership. Built on HIVE.

SportsBlock is the sports platform web3 deserves.

sportsblock.app

#SportsBlock #Web3Sports #HIVE #OwnYourContent",marketing/assets/Social Post — Gold Prestige — _Ownership_.png,04/11/2026 18:00,True Ownership
"Every word you write on SportsBlock is permanently yours.

Stored on the HIVE blockchain. No algorithm suppression. No shadow bans. No platform risk. Just your words, owned by you, forever.

sportsblock.app

#SportsBlock #HIVE #OwnYourContent",marketing/assets/Social Post — Gold Prestige — _Ownership_.png,04/12/2026 09:00,True Ownership
"Right now, some platform is selling your sports content to advertisers.

You're getting zero in return.

SportsBlock is built on HIVE — a blockchain with zero transaction fees. Your posts are permanently stored, cryptographically owned by you, and earn you MEDALS.

Stop being the product. Start being the owner.

sportsblock.app",marketing/assets/Social Post — Gold Prestige — _Ownership_.png,04/12/2026 13:00,True Ownership
"Your content. Your rules. Your wallet.

SportsBlock runs on HIVE. Zero fees.

sportsblock.app

#SportsBlock #Decentralized #ContentOwnership #CensorshipResistant",marketing/assets/Prediction Card — Void — _Ownership_.png,04/12/2026 18:00,True Ownership
"On most platforms, you're the product. Your data is sold. Your reach is throttled.

On SportsBlock, you're the owner. Every post lives on the HIVE blockchain — permanent, uncensorable, yours.

sportsblock.app

#SportsBlock #CensorshipResistant #Web3Sports",marketing/assets/Prediction Card — Void — _Ownership_.png,04/13/2026 09:00,True Ownership
"No shadowbans. No deplatforming. No algorithms.

Your posts live on the blockchain. Forever.

sportsblock.app

#SportsBlock #OwnYourContent #Blockchain #Web3",marketing/assets/Prediction Card — Stadium — _Ownership_.png,04/13/2026 13:00,True Ownership
"What happens to your content when a platform shuts down? Gone. When they change the TOS? Deleted.

On SportsBlock, your posts live on the blockchain. Permanent. No one can touch them.

sportsblock.app

#SportsBlock #Web3 #Decentralized",marketing/assets/Prediction Card — Stadium — _Ownership_.png,04/13/2026 18:00,True Ownership
"Own what you create.

SportsBlock puts your content on-chain where no one can take it away.

sportsblock.app

#SportsBlock #Web3Sports #HIVE #OwnYourContent",marketing/assets/Prediction Card — Teal Accent — _Ownership_.png,04/14/2026 09:00,True Ownership
"Built on HIVE blockchain.
Zero transaction fees.
No ads, no data harvesting.
Your content = your property.

This is what sports social media should have always been.

sportsblock.app

#SportsBlock #HIVE #OwnYourContent",marketing/assets/Prediction Card — Teal Accent — _Ownership_.png,04/14/2026 13:00,True Ownership
"Zero fees. True ownership. Built on HIVE.

SportsBlock is the sports platform web3 deserves.

sportsblock.app

#SportsBlock #Decentralized #ContentOwnership #CensorshipResistant",marketing/assets/Prediction Card — Gold Prestige — _Ownership_.png,04/14/2026 18:00,True Ownership
"Every word you write on SportsBlock is permanently yours.

Stored on the HIVE blockchain. No algorithm suppression. No shadow bans. No platform risk. Just your words, owned by you, forever.

sportsblock.app

#SportsBlock #CensorshipResistant #Web3Sports",marketing/assets/Prediction Card — Gold Prestige — _Ownership_.png,04/15/2026 09:00,True Ownership
"The smart money is on SportsBlock Prediction Bites.

Stake. Predict. Earn.

sportsblock.app

#SportsBlock #PredictionMarkets #SportsBetting #EarnCrypto",marketing/assets/Prediction Card — Void — _Predictions_.png,04/15/2026 13:00,Prediction Bites
"The data says one thing. The pundits say another. You've done your analysis.

Back your conviction with MEDALS on SportsBlock. Prediction Bites reward those who do the work.

sportsblock.app

#SportsBlock #SportsBetting #EarnCrypto",marketing/assets/Prediction Card — Void — _Predictions_.png,04/15/2026 18:00,Prediction Bites
"Everyone has opinions. Few have the conviction to stake on them.

SportsBlock Prediction Bites separate the analysts from the armchair fans. Stake MEDALS on your prediction. Build a verifiable track record. Earn rewards when your research pays off.

The sharpest sports minds are already here.

sportsblock.app",marketing/assets/Prediction Card — Void — _Predictions_.png,04/16/2026 09:00,Prediction Bites
"You called it. Now prove it.

Stake MEDALS on SportsBlock Prediction Bites.

sportsblock.app

#SportsBlock #SportsPredictions #BackYourTake #PredictionMarkets",marketing/assets/Prediction Card — Stadium — _Predictions_.png,04/16/2026 13:00,Prediction Bites
"No bookie. No house edge. No vig.

SportsBlock Prediction Bites are peer-to-peer. Stake MEDALS against other fans. Correct predictions take the pool. That simple.

sportsblock.app

#SportsBlock #PredictionMarkets #SportsBetting",marketing/assets/Prediction Card — Stadium — _Predictions_.png,04/16/2026 18:00,Prediction Bites
"The prediction market is broken. Bookmakers set odds to guarantee their profit, not to reward your knowledge.

SportsBlock flips the model. Prediction Bites are pure peer-to-peer. Stake MEDALS on any outcome. The pool belongs to the fans. Correct callers split everything.

No house. No edge. No middleman.

sportsblock.app",marketing/assets/Prediction Card — Stadium — _Predictions_.png,04/17/2026 09:00,Prediction Bites
"Lock in your prediction. Stake your MEDALS.

SportsBlock — where knowledge pays.

sportsblock.app

#SportsBlock #HIVE #StakeAndEarn #SportsPredictions",marketing/assets/Prediction Card — Teal Accent — _Predictions_.png,04/17/2026 13:00,Prediction Bites
"Your mate reckons it's a draw. You're backing the underdog.

On SportsBlock, you both stake MEDALS on your call. Whoever's right earns the pool. It's prediction markets made for friends.

sportsblock.app

#SportsBlock #SportsPredictions #BackYourTake",marketing/assets/Prediction Card — Teal Accent — _Predictions_.png,04/17/2026 18:00,Prediction Bites
"Remember arguing with your mates about the weekend's results? Everyone claiming they ""definitely"" called it?

SportsBlock Prediction Bites settle those arguments permanently. Stake MEDALS before kickoff. Predictions are locked on-chain. When the final whistle blows, the smart call earns the rewards.

No more debates. Just receipts.

sportsblock.app",marketing/assets/Prediction Card — Teal Accent — _Predictions_.png,04/18/2026 09:00,Prediction Bites
"Kickoff in hours. Predictions closing.

Stake MEDALS on SportsBlock now or miss out.

sportsblock.app

#SportsBlock #SportsBetting #EarnCrypto #HIVE",marketing/assets/Prediction Card — Gold Prestige — _Predictions_.png,04/18/2026 13:00,Prediction Bites
"The pool is growing. Predictions are locked. The match is almost here.

If you're not staking MEDALS on SportsBlock Prediction Bites, you're leaving rewards on the table. Back your call.

sportsblock.app

#SportsBlock #HIVE #StakeAndEarn",marketing/assets/Prediction Card — Gold Prestige — _Predictions_.png,04/18/2026 18:00,Prediction Bites
"Prediction Bites are heating up and the biggest match of the week hasn't even kicked off yet.

Fans are staking MEDALS. The pool is growing by the minute. Every correct prediction splits the pot.

You already know the result. You've felt it all week. Back yourself before it's too late.

sportsblock.app",marketing/assets/Prediction Card — Gold Prestige — _Predictions_.png,04/19/2026 09:00,Prediction Bites
"IPL Prediction Contest is LIVE.

Predict every match. Win 10,000 MEDALS. Free entry.

sportsblock.app

#SportsBlock #IPL2026 #IPL #Cricket",marketing/assets/Contest Card — Void — _IPL Contest_.png,04/19/2026 13:00,IPL Contest
"The IPL 2026 Prediction Contest has landed on SportsBlock.

Predict every match. Climb the leaderboard. The sharpest cricket mind walks away with 10,000 MEDALS.

Free to enter. Zero catch.

sportsblock.app

#SportsBlock #IPL #Cricket",marketing/assets/Contest Card — Void — _IPL Contest_.png,04/19/2026 18:00,IPL Contest
"The biggest T20 league in the world meets the smartest prediction platform.

SportsBlock's IPL 2026 Prediction Contest is live. Predict every match — winner, top scorer, total runs. The leaderboard tracks your accuracy across the entire tournament.

Top predictor wins 10,000 MEDALS. Free entry. No stake required.

You already watch every ball. Now prove you know what's coming.

sportsblock.app",marketing/assets/Contest Card — Void — _IPL Contest_.png,04/20/2026 09:00,IPL Contest
"Think you know cricket better than everyone?

Prove it. IPL Contest on SportsBlock. Free entry.

sportsblock.app

#SportsBlock #EarnCrypto #T20 #PredictionContest",marketing/assets/Contest Card — Stadium — _IPL Contest_.png,04/20/2026 13:00,IPL Contest
"Everyone's a cricket expert during IPL season.

SportsBlock separates the analysts from the armchair pundits. Predict every IPL 2026 match. Leaderboard tracks everything. 10,000 MEDALS to the top predictor.

Free entry. Back yourself.

sportsblock.app

#SportsBlock",marketing/assets/Contest Card — Stadium — _IPL Contest_.png,04/20/2026 18:00,IPL Contest
"Your group chat thinks they know cricket. Your timeline is full of ""experts.""

SportsBlock's IPL Prediction Contest settles it. Predict every match of IPL 2026. Your calls are on-chain — no backdating, no hiding wrong picks.

The leaderboard is public. The top predictor earns 10,000 MEDALS.

Free to enter. The only thing you're staking is your reputation.

sportsblock.app",marketing/assets/Contest Card — Stadium — _IPL Contest_.png,04/21/2026 09:00,IPL Contest
"IPL season + SportsBlock = MEDALS.

Free prediction contest. 10,000 MEDALS prize.

sportsblock.app

#SportsBlock #Cricket #CricketPredictions #MEDALS",marketing/assets/Contest Card — Teal Accent — _IPL Contest_.png,04/21/2026 13:00,IPL Contest
"IPL 2026 is here and SportsBlock is running a free prediction contest for the entire tournament.

Predict every match. Top the leaderboard. Win 10,000 MEDALS.

No entry fee. No catch. Just your cricket brain vs everyone else.

sportsblock.app

#SportsBlock #MEDALS #EarnCrypto",marketing/assets/Contest Card — Teal Accent — _IPL Contest_.png,04/21/2026 18:00,IPL Contest
"CSK or MI? Will Kohli fire? Can Gujarat defend?

You already have opinions on every IPL match. SportsBlock's IPL Prediction Contest lets you turn those opinions into a track record — and 10,000 MEDALS if you top the leaderboard.

Predict every match. Free entry. The whole tournament. Just you vs the cricket world.

sportsblock.app",marketing/assets/Contest Card — Teal Accent — _IPL Contest_.png,04/22/2026 09:00,IPL Contest
"10,000 MEDALS on the line.

IPL Prediction Contest. Free entry. SportsBlock.

sportsblock.app

#SportsBlock #IPL2026 #IPL #Cricket",marketing/assets/Contest Card — Gold Prestige — _IPL Contest_.png,04/22/2026 13:00,IPL Contest
"The IPL Prediction Contest prize pool: 10,000 MEDALS.

The entry fee: zero.

Predict every IPL 2026 match on SportsBlock. Climb the leaderboard. The sharpest cricket mind takes the pot.

sportsblock.app

#SportsBlock #IPL #Cricket",marketing/assets/Contest Card — Gold Prestige — _IPL Contest_.png,04/22/2026 18:00,IPL Contest
"10,000 MEDALS. That's the prize for the top predictor in SportsBlock's IPL 2026 contest.

Free entry. Every match counts. Every correct call pushes you up the leaderboard.

This isn't a lottery — it rewards knowledge, consistency, and conviction. The best cricket brain on SportsBlock walks away with 10,000 MEDALS.

IPL starts soon. Your contest starts now.

sportsblock.app",marketing/assets/Contest Card — Gold Prestige — _IPL Contest_.png,04/23/2026 09:00,IPL Contest
"IPL Prediction Contest — LIVE on SportsBlock.

Free entry. 10,000 MEDALS to win.

sportsblock.app

#SportsBlock #EarnCrypto #T20 #PredictionContest",marketing/assets/Social Post — Void — _IPL Contest_.png,04/23/2026 13:00,IPL Contest
"SportsBlock just launched the IPL 2026 Prediction Contest.

Predict every match. Track your accuracy on the leaderboard. Top predictor wins 10,000 MEDALS. Completely free to enter.

sportsblock.app

#SportsBlock #PredictionContest #IPL2026",marketing/assets/Social Post — Void — _IPL Contest_.png,04/23/2026 18:00,IPL Contest
"IPL 2026 starts soon and SportsBlock has launched the ultimate cricket prediction contest.

Predict every match of the tournament — match winner, top performers, key moments. The leaderboard tracks your accuracy from game one to the final.

10,000 MEDALS to the top predictor. Free entry. No stake required.

This is your chance to prove you know cricket better than anyone.

sportsblock.app",marketing/assets/Social Post — Void — _IPL Contest_.png,04/24/2026 09:00,IPL Contest
"IPL starts. Your predictions start now.

Join the free contest on SportsBlock.

sportsblock.app

#SportsBlock #Cricket #CricketPredictions #MEDALS",marketing/assets/Social Post — Stadium — _IPL Contest_.png,04/24/2026 13:00,IPL Contest
"The IPL is the biggest T20 event on earth. SportsBlock's prediction contest matches it.

Predict every game. Earn your spot on the leaderboard. Win 10,000 MEDALS.

Free entry. Let your cricket knowledge do the talking.

sportsblock.app

#SportsBlock #MEDALS #EarnCrypto",marketing/assets/Social Post — Stadium — _IPL Contest_.png,04/24/2026 18:00,IPL Contest
"IPL 2026. 74 matches. One leaderboard. One champion.

SportsBlock's IPL Prediction Contest is live. Every match, make your call. The leaderboard is public, on-chain, and permanent.

No backtracking. No ""I knew it"" without proof. Just predictions that count.

10,000 MEDALS prize. Free to enter.

sportsblock.app",marketing/assets/Social Post — Stadium — _IPL Contest_.png,04/25/2026 09:00,IPL Contest
"Free IPL contest on SportsBlock.

Predict. Climb. Win 10,000 MEDALS.

sportsblock.app

#SportsBlock #IPL2026 #IPL #Cricket",marketing/assets/Social Post — Teal Accent — _IPL Contest_.png,04/25/2026 13:00,IPL Contest
"Love IPL? Love predictions? This is your contest.

SportsBlock is running a free prediction contest for the entire IPL 2026 season. Every match. One leaderboard. 10,000 MEDALS to the winner.

sportsblock.app

#SportsBlock #IPL #Cricket",marketing/assets/Social Post — Teal Accent — _IPL Contest_.png,04/25/2026 18:00,IPL Contest
"Every IPL season, millions of fans claim they called every result.

This year, prove it. SportsBlock's free IPL Prediction Contest tracks your calls across every match. No hiding bad picks. No deleting wrong calls.

Top of the leaderboard wins 10,000 MEDALS. Entry is free.

Stop talking. Start predicting.

sportsblock.app",marketing/assets/Social Post — Teal Accent — _IPL Contest_.png,04/26/2026 09:00,IPL Contest
"IPL + SportsBlock = your biggest contest yet.

10,000 MEDALS. Free entry. Let's go.

sportsblock.app

#SportsBlock #EarnCrypto #T20 #PredictionContest",marketing/assets/Social Post — Gold Prestige — _IPL Contest_.png,04/26/2026 13:00,IPL Contest
"10,000 MEDALS are waiting for the sharpest cricket mind on SportsBlock.

IPL 2026 Prediction Contest. Every match. Free entry. One champion.

Are you in?

sportsblock.app

#SportsBlock #PredictionContest #IPL2026",marketing/assets/Social Post — Gold Prestige — _IPL Contest_.png,04/26/2026 18:00,IPL Contest
"This is the one.

SportsBlock's IPL 2026 Prediction Contest. 10,000 MEDALS prize pool. Free entry. Every single match of the tournament.

Your predictions go on-chain. The leaderboard is live. The entire SportsBlock community is competing.

If you know cricket — really know it — this is where you prove it.

sportsblock.app",marketing/assets/Social Post — Gold Prestige — _IPL Contest_.png,04/27/2026 09:00,IPL Contest
"IPL Prediction Contest — LIVE on SportsBlock.

Free entry. 10,000 MEDALS to win.

sportsblock.app

#SportsBlock #Cricket #CricketPredictions #MEDALS",marketing/assets/Prediction Card — Void — _IPL Contest_.png,04/27/2026 13:00,IPL Contest
"SportsBlock just launched the IPL 2026 Prediction Contest.

Predict every match. Track your accuracy on the leaderboard. Top predictor wins 10,000 MEDALS. Completely free to enter.

sportsblock.app

#SportsBlock #MEDALS #EarnCrypto",marketing/assets/Prediction Card — Void — _IPL Contest_.png,04/27/2026 18:00,IPL Contest
"IPL starts. Your predictions start now.

Join the free contest on SportsBlock.

sportsblock.app

#SportsBlock #IPL2026 #IPL #Cricket",marketing/assets/Prediction Card — Stadium — _IPL Contest_.png,04/28/2026 09:00,IPL Contest
"The IPL is the biggest T20 event on earth. SportsBlock's prediction contest matches it.

Predict every game. Earn your spot on the leaderboard. Win 10,000 MEDALS.

Free entry. Let your cricket knowledge do the talking.

sportsblock.app

#SportsBlock #IPL #Cricket",marketing/assets/Prediction Card — Stadium — _IPL Contest_.png,04/28/2026 13:00,IPL Contest
"Free IPL contest on SportsBlock.

Predict. Climb. Win 10,000 MEDALS.

sportsblock.app

#SportsBlock #EarnCrypto #T20 #PredictionContest",marketing/assets/Prediction Card — Teal Accent — _IPL Contest_.png,04/28/2026 18:00,IPL Contest
"Love IPL? Love predictions? This is your contest.

SportsBlock is running a free prediction contest for the entire IPL 2026 season. Every match. One leaderboard. 10,000 MEDALS to the winner.

sportsblock.app

#SportsBlock #PredictionContest #IPL2026",marketing/assets/Prediction Card — Teal Accent — _IPL Contest_.png,04/29/2026 09:00,IPL Contest
"IPL + SportsBlock = your biggest contest yet.

10,000 MEDALS. Free entry. Let's go.

sportsblock.app

#SportsBlock #Cricket #CricketPredictions #MEDALS",marketing/assets/Prediction Card — Gold Prestige — _IPL Contest_.png,04/29/2026 13:00,IPL Contest
"10,000 MEDALS are waiting for the sharpest cricket mind on SportsBlock.

IPL 2026 Prediction Contest. Every match. Free entry. One champion.

Are you in?

sportsblock.app

#SportsBlock #MEDALS #EarnCrypto",marketing/assets/Prediction Card — Gold Prestige — _IPL Contest_.png,04/29/2026 18:00,IPL Contest
"Masters Prediction Contest — LIVE.

Pick the winner. Win 5,000 MEDALS. Free entry.

sportsblock.app

#SportsBlock #TheMasters #Masters2026 #Golf",marketing/assets/Contest Card — Void — _Masters Contest_.png,04/30/2026 09:00,Masters Contest
"The Masters 2026 Prediction Contest is live on SportsBlock.

Pick the tournament winner, predict cut makers, call the final round leader. Most accurate predictions win 5,000 MEDALS.

Free to enter.

sportsblock.app

#SportsBlock #Masters2026 #Golf",marketing/assets/Contest Card — Void — _Masters Contest_.png,04/30/2026 13:00,Masters Contest
"Augusta National. Four rounds. One green jacket.

SportsBlock's Masters 2026 Prediction Contest is live. Predict the winner, top 5, cut line, and key matchups across all four rounds.

The most accurate golf mind on SportsBlock wins 5,000 MEDALS. Free entry. No catch.

You watch every shot already. Now prove you can call them.

sportsblock.app",marketing/assets/Contest Card — Void — _Masters Contest_.png,04/30/2026 18:00,Masters Contest
"Who's winning the green jacket?

Back your pick. Masters Contest on SportsBlock.

sportsblock.app

#SportsBlock #Augusta #PredictionContest #TheMasters",marketing/assets/Contest Card — Stadium — _Masters Contest_.png,05/01/2026 09:00,Masters Contest
"Everyone picks Scottie. Everyone picks Rory.

SportsBlock's Masters Contest rewards the sharpest golf brain — not the most obvious pick. Predict the entire tournament. 5,000 MEDALS to the top predictor.

Free entry. Prove your edge.

sportsblock.app

#SportsBlock #TheMasters",marketing/assets/Contest Card — Stadium — _Masters Contest_.png,05/01/2026 13:00,Masters Contest
"Your mate says Scheffler. Your dad says McIlroy. The algorithm says Rahm.

SportsBlock's Masters Prediction Contest settles it with data. Predict the winner, top finishers, and key round matchups. Your calls are on the blockchain — permanent, verifiable.

5,000 MEDALS to the top predictor. Free entry.

Don't just watch Augusta — compete.

sportsblock.app",marketing/assets/Contest Card — Stadium — _Masters Contest_.png,05/01/2026 18:00,Masters Contest
"Masters 2026 + SportsBlock = free prediction contest.

5,000 MEDALS prize. Enter now.

sportsblock.app

#SportsBlock #GolfPredictions #MEDALS #Augusta",marketing/assets/Contest Card — Teal Accent — _Masters Contest_.png,05/02/2026 09:00,Masters Contest
"The Masters is the most prestigious event in golf. SportsBlock's prediction contest matches the occasion.

Pick the winner. Call the cut. Predict round leaders. 5,000 MEDALS to the sharpest golf mind.

Free to enter.

sportsblock.app

#SportsBlock #Augusta #PredictionContest",marketing/assets/Contest Card — Teal Accent — _Masters Contest_.png,05/02/2026 13:00,Masters Contest
"Four days at Augusta. Amen Corner. The back nine on Sunday.

SportsBlock is running a free prediction contest for the entire Masters 2026. Winner predictions, top 5, round leaders, and cut line calls.

Every prediction is tracked. The leaderboard is live. 5,000 MEDALS to the champion.

You know golf. Prove it.

sportsblock.app",marketing/assets/Contest Card — Teal Accent — _Masters Contest_.png,05/02/2026 18:00,Masters Contest
"5,000 MEDALS. The Masters. Free entry.

SportsBlock Prediction Contest. Let's go.

sportsblock.app

#SportsBlock #Masters2026 #Golf #GolfPredictions",marketing/assets/Contest Card — Gold Prestige — _Masters Contest_.png,05/03/2026 09:00,Masters Contest
"5,000 MEDALS for the best golf predictions on SportsBlock.

Masters 2026 Prediction Contest. Pick the winner. Call the narrative. Free entry. One champion.

sportsblock.app

#SportsBlock #GolfPredictions #MEDALS",marketing/assets/Contest Card — Gold Prestige — _Masters Contest_.png,05/03/2026 13:00,Masters Contest
"The green jacket goes to one player. The 5,000 MEDALS go to one predictor.

SportsBlock's Masters 2026 Prediction Contest. Free entry. Predict the winner, top finishers, round leaders, and key outcomes.

Your picks are on-chain. The leaderboard is public. The golf world is watching.

If you know Augusta — really know it — this is your week.

sportsblock.app",marketing/assets/Contest Card — Gold Prestige — _Masters Contest_.png,05/03/2026 18:00,Masters Contest
"Masters Prediction Contest on SportsBlock.

Free entry. 5,000 MEDALS prize.

sportsblock.app

#SportsBlock #TheMasters #Masters2026 #Golf",marketing/assets/Social Post — Void — _Masters Contest_.png,05/04/2026 09:00,Masters Contest
"SportsBlock is running a free prediction contest for the Masters 2026.

Pick the winner. Call the cut line. Predict round leaders. Most accurate predictor wins 5,000 MEDALS.

sportsblock.app

#SportsBlock #Masters2026 #Golf",marketing/assets/Social Post — Void — _Masters Contest_.png,05/04/2026 13:00,Masters Contest
"The Masters 2026 is almost here. SportsBlock's prediction contest is already live.

Predict the tournament winner, top 5 finishers, cut makers, and round-by-round leaders. Every prediction tracked. Leaderboard updated live.

5,000 MEDALS to the champion. Free to enter.

Augusta waits for no one. Neither does the leaderboard.

sportsblock.app",marketing/assets/Social Post — Void — _Masters Contest_.png,05/04/2026 18:00,Masters Contest
"Augusta calls. So do 5,000 MEDALS.

Free Masters contest on SportsBlock.

sportsblock.app

#SportsBlock #Augusta #PredictionContest #TheMasters",marketing/assets/Social Post — Stadium — _Masters Contest_.png,05/05/2026 09:00,Masters Contest
"It's Masters week. SportsBlock's prediction contest is your chance to prove you know golf better than the pundits.

5,000 MEDALS. Free entry. Every pick counts.

sportsblock.app

#SportsBlock #TheMasters #Masters2026",marketing/assets/Social Post — Stadium — _Masters Contest_.png,05/05/2026 13:00,Masters Contest
"Every year, millions of fans fill out Masters brackets and forget about them.

SportsBlock is different. Predictions are on-chain. The leaderboard is live. Every round matters.

5,000 MEDALS to the most accurate predictor. Free entry.

This isn't a bracket pool — it's a proving ground.

sportsblock.app",marketing/assets/Social Post — Stadium — _Masters Contest_.png,05/05/2026 18:00,Masters Contest
"Free Masters prediction contest.

Pick. Predict. Win 5,000 MEDALS.

sportsblock.app

#SportsBlock #GolfPredictions #MEDALS #Augusta",marketing/assets/Social Post — Teal Accent — _Masters Contest_.png,05/06/2026 09:00,Masters Contest
"Love golf? Love predictions? SportsBlock's Masters 2026 contest is for you.

Free entry. 5,000 MEDALS to the winner. Predictions tracked on-chain.

sportsblock.app

#SportsBlock #Augusta #PredictionContest",marketing/assets/Social Post — Teal Accent — _Masters Contest_.png,05/06/2026 13:00,Masters Contest
"Amen Corner. The Sunday back nine. The roars.

SportsBlock's Masters 2026 Prediction Contest captures every moment. Predict winners, top finishers, and round leaders. The leaderboard is live all week.

5,000 MEDALS prize. Free entry. Just your golf knowledge vs the world.

sportsblock.app",marketing/assets/Social Post — Teal Accent — _Masters Contest_.png,05/06/2026 18:00,Masters Contest
"Masters week. 5,000 MEDALS. Free entry.

SportsBlock Prediction Contest is live.

sportsblock.app

#SportsBlock #Masters2026 #Golf #GolfPredictions",marketing/assets/Social Post — Gold Prestige — _Masters Contest_.png,05/07/2026 09:00,Masters Contest
"The most prestigious tournament in golf. The most rewarding prediction contest on SportsBlock.

5,000 MEDALS. Free entry. One leaderboard. One champion.

sportsblock.app

#SportsBlock #GolfPredictions #MEDALS",marketing/assets/Social Post — Gold Prestige — _Masters Contest_.png,05/07/2026 13:00,Masters Contest
"SportsBlock's Masters 2026 Prediction Contest. 5,000 MEDALS prize.

Predict the green jacket winner. Call the top 5. Nail the cut line. Every prediction on-chain. Leaderboard live from Thursday to Sunday.

Free entry. This is the golf prediction event of the year.

sportsblock.app",marketing/assets/Social Post — Gold Prestige — _Masters Contest_.png,05/07/2026 18:00,Masters Contest
"Your hot take. 280 characters. Real MEDALS.

Sportsbites on SportsBlock.

sportsblock.app

#SportsBlock #SportsBites #HotTake #MatchDay",marketing/assets/Social Post — Void — _Sportsbites_.png,05/08/2026 09:00,Sportsbites
"Sportsbites are the fastest way to earn on SportsBlock.

Drop a hot take. The community votes. If it hits, you earn MEDALS. Quick, sharp, rewarded.

sportsblock.app

#SportsBlock #HotTake #MatchDay",marketing/assets/Social Post — Void — _Sportsbites_.png,05/08/2026 13:00,Sportsbites
"Not every sports opinion needs a 2,000-word essay.

Sportsbites on SportsBlock are quick-fire hot takes — a sentence, a stat, a bold call. The community votes on the sharpest ones, and the best takes earn MEDALS.

Your best take might be your shortest one. Drop a sportsbite.

sportsblock.app",marketing/assets/Social Post — Void — _Sportsbites_.png,05/08/2026 18:00,Sportsbites
"Quick take. Quick MEDALS.

Sportsbites on SportsBlock. Drop yours now.

sportsblock.app

#SportsBlock #Web3Sports #EarnCrypto #SportsBites",marketing/assets/Social Post — Stadium — _Sportsbites_.png,05/09/2026 09:00,Sportsbites
"Twitter gave you likes. SportsBlock gives you MEDALS.

Sportsbites are the fastest content format on the platform — hot takes that earn real crypto when the community rates them.

sportsblock.app

#SportsBlock #SportsBites #HotTake",marketing/assets/Social Post — Stadium — _Sportsbites_.png,05/09/2026 13:00,Sportsbites
"Your best sports take is already in your head.

Sportsbites on SportsBlock turn that thought into earned crypto. Post it. The community votes. The best takes climb. MEDALS flow.

No essay required. No character minimum. Just the take.

sportsblock.app

#SportsBlock #HotTake",marketing/assets/Social Post — Stadium — _Sportsbites_.png,05/09/2026 18:00,Sportsbites
"Sportsbites: hot takes that earn MEDALS.

Join SportsBlock.

sportsblock.app

#SportsBlock #MEDALS #SportsTakes #Web3Sports",marketing/assets/Social Post — Teal Accent — _Sportsbites_.png,05/10/2026 09:00,Sportsbites
"Drop a sportsbite on SportsBlock. It's the easiest way to start earning.

One hot take. Community votes. MEDALS earned. That simple.

sportsblock.app

#SportsBlock #Web3Sports #EarnCrypto",marketing/assets/Social Post — Teal Accent — _Sportsbites_.png,05/10/2026 13:00,Sportsbites
"Every fan has that one take they're dying to share during the match.

Sportsbites on SportsBlock are built for exactly that moment. Quick-fire takes that earn MEDALS based on community engagement.

The spicier the take, the higher it climbs. Drop your first sportsbite.

sportsblock.app",marketing/assets/Social Post — Teal Accent — _Sportsbites_.png,05/10/2026 18:00,Sportsbites
"The spiciest takes earn the most MEDALS.

Sportsbites on SportsBlock.

sportsblock.app

#SportsBlock #HotTake #MatchDay #MEDALS",marketing/assets/Social Post — Gold Prestige — _Sportsbites_.png,05/11/2026 09:00,Sportsbites
"Your hottest take is worth real crypto on SportsBlock.

Sportsbites — quick-fire content that earns MEDALS. The sharper the take, the bigger the reward. What's your call?

sportsblock.app

#SportsBlock #MEDALS #SportsTakes",marketing/assets/Social Post — Gold Prestige — _Sportsbites_.png,05/11/2026 13:00,Sportsbites
"Match day. Your timeline is exploding. You've got the take no one else is brave enough to post.

SportsBlock Sportsbites reward boldness. Drop your hot take. The community rates it. If it hits — MEDALS.

The best take on match day earns the most. Post yours before kickoff.

sportsblock.app",marketing/assets/Social Post — Gold Prestige — _Sportsbites_.png,05/11/2026 18:00,Sportsbites
"Deep analysis. Real rewards.

Long-form sports writing earns MEDALS on SportsBlock.

sportsblock.app

#SportsBlock #SportsAnalysis #DeepDive #MEDALS",marketing/assets/Social Post — Void — _Long Form_.png,05/12/2026 09:00,Long-Form Analysis
"SportsBlock isn't just hot takes — it rewards deep analysis too.

Write a match preview. Break down tactics. Analyse the transfer window. Every piece of quality long-form content earns MEDALS.

sportsblock.app

#SportsBlock #DeepDive #MEDALS",marketing/assets/Social Post — Void — _Long Form_.png,05/12/2026 13:00,Long-Form Analysis
"The best sports writing on the internet earns nothing for the author.

SportsBlock changes that. Write in-depth match previews, tactical breakdowns, season analysis — real long-form content. The community rewards quality with MEDALS.

Your best analysis deserves more than a like. It deserves earnings.

sportsblock.app",marketing/assets/Social Post — Void — _Long Form_.png,05/12/2026 18:00,Long-Form Analysis
"Sports writers deserve to get paid.

Long-form content earns MEDALS on SportsBlock.

sportsblock.app

#SportsBlock #Web3Sports #EarnCrypto #SportsAnalysis",marketing/assets/Social Post — Stadium — _Long Form_.png,05/13/2026 09:00,Long-Form Analysis
"You spend hours on that match preview. Researching stats. Watching film. Crafting the narrative.

On SportsBlock, that effort earns MEDALS. Long-form sports writing has a home that actually pays.

sportsblock.app

#SportsBlock #SportsAnalysis #DeepDive",marketing/assets/Social Post — Stadium — _Long Form_.png,05/13/2026 13:00,Long-Form Analysis
"Medium pays writers in exposure. Substack takes a cut. Twitter gives you zero.

SportsBlock pays you directly in MEDALS for every piece of sports content you publish. Match previews. Tactical analysis. Season reviews. Transfer deep dives.

The deeper the analysis, the more the community rewards it.

Your words. Your MEDALS. Zero fees.

sportsblock.app",marketing/assets/Social Post — Stadium — _Long Form_.png,05/13/2026 18:00,Long-Form Analysis
"Long reads. Long rewards.

SportsBlock pays for quality sports analysis.

sportsblock.app

#SportsBlock #HIVE #SportsTakes #Web3Sports",marketing/assets/Social Post — Teal Accent — _Long Form_.png,05/14/2026 09:00,Long-Form Analysis
"If you've ever written a match preview and thought ""this should earn me something"" — SportsBlock agrees.

Long-form sports content earns MEDALS. The community votes. Quality rises.

sportsblock.app

#SportsBlock #Web3Sports #EarnCrypto",marketing/assets/Social Post — Teal Accent — _Long Form_.png,05/14/2026 13:00,Long-Form Analysis
"Some fans write threads that should be articles. Match previews with stats. Tactical breakdowns with heat maps. Transfer analysis that rivals the professionals.

SportsBlock rewards that effort. Publish long-form content. Earn MEDALS. Build a reputation as a serious sports analyst.

Your best work deserves real rewards.

sportsblock.app",marketing/assets/Social Post — Teal Accent — _Long Form_.png,05/14/2026 18:00,Long-Form Analysis
"Your analysis is worth MEDALS.

Publish on SportsBlock. Earn for real.

sportsblock.app

#SportsBlock #DeepDive #MEDALS #HIVE",marketing/assets/Social Post — Gold Prestige — _Long Form_.png,05/15/2026 09:00,Long-Form Analysis
"The best sports analysts on X give away millions of words for free every year.

SportsBlock pays for every one. Long-form analysis. Match reports. Tactical breakdowns. All earning MEDALS.

sportsblock.app

#SportsBlock #HIVE #SportsTakes",marketing/assets/Social Post — Gold Prestige — _Long Form_.png,05/15/2026 13:00,Long-Form Analysis
"You wrote a 2,000-word match preview. You analysed the stats. You built the narrative.

On Twitter, that gets 47 likes and disappears. On SportsBlock, it earns MEDALS — real crypto that rewards the depth of your analysis.

The community votes. Quality content climbs. Your best work earns the most.

Stop writing for free.

sportsblock.app",marketing/assets/Social Post — Gold Prestige — _Long Form_.png,05/15/2026 18:00,Long-Form Analysis